1,Abdel,Ḩājjīābād,447966
2,Abelard,Ḩawsh ‘Īsá,132711
3,Abey,‘Izbat al Burj,35578
4,Abey,Łękawica,449450
5,Abigail,Ínfias,306199
6,Abigale,Ýpsonas,436773
7,Abner,Ýpsonas,263909
8,Addie,Łyse,203126
9,Ade,Žďár,328346
10,Adelaide,Žalec,170739
11,Adolph,Želiv,73727
12,Adolph,Aţ Ţafīlah,175165
13,Adria,Abbotsford,149137
14,Adriaens,Abnūb,402294
15,Agnesse,Abut,385858
16,Aguistin,Accha,350827
17,Ahmad,Achiaman,191268
18,Ailina,Acobambilla,67232
19,Ajay,Adrasmon,242198
20,Alano,Agía Varvára,218313
21,Alexandrina,Agadez,59053
22,Alf,Airmolek,293970
23,Alicia,Aix-en-Provence,97286
24,Alina,Ajdabiya,170233
25,Alisander,Aksha,445846
26,Allie,Al Ghandūrah,158418
27,Allyn,Al Jubayl,59303
28,Almeria,Al Mukallā,430706
29,Aloin,Al Qūşīyah,144460
30,Alon,Al Qadmūs,306390
31,Aloysia,Al Wajh,278611
32,Aluino,Alakak,471327
33,Alvin,Alamar,114200
34,Alvy,Alannay,457388
35,Alyda,Alexandroúpoli,411190
36,Ambros,Almeria,232554
37,Amie,Almirante Tamandaré,318485
38,Ana,Alpatovo,337576
39,Anabelle,Alvaiázere,178481
40,Analise,Alzamay,317155
41,Anastasia,Amga,456567
42,Ancell,Amos,486978
43,Anderea,Anastácio,187648
44,Andras,Andalucía,82767
45,Andrei,Andradas,227692
46,Andria,Andrijevica,48846
47,Andriana,Ang Thong,46861
48,Andy,Antalaha,288607
49,Angel,Antas,79808
50,Angel,Anthoúsa,38934
51,Angela,Aparecida do Taboado,330154
52,Angeline,Apeldoorn,35054
53,Angie,Ardazubre,440704
54,Annabelle,Argelia,441192
55,Annadiana,Arjasari,413941
56,Anne-corinne,Arlöv,197629
57,Anni,Arlöv,10119
58,Annice,Arrifes,323846
59,Annmaria,Arrufó,129797
60,Anselma,Asahikawa,390587
61,Anthea,Ash Shajarah,181196
62,Anthiathia,Ashtarak,287010
63,Aprilette,Ashton,271658
64,Arch,Asopía,183823
65,Archibold,Atakpamé,275363
66,Ardys,Athmuqam,439005
67,Ariel,Austin,443034
68,Ario,Axioúpoli,232357
69,Arliene,Ayang-ni,228367
70,Arlyn,Şabbūrah,464057
71,Arnoldo,Bélabo,189778
72,Arturo,Bački Breg,192498
73,Artus,Babakantonggoh,55257
74,Artus,Baculongan,228532
75,Auberon,Bagacay,61312
76,August,Bagangan,447714
77,Auguste,Bagangan,10785
78,Aurora,Bagok,151204
79,Ava,Bahay Pare,211558
80,Ava,Baitang,116585
81,Aveline,Bakadagy,45367
82,Barn,Bakung,85312
83,Barnett,Balaoang,412337
84,Barny,Ban Kruat,33098
85,Barrett,Ban Pong,349539
86,Barrie,Ban Thai Tan,208667
87,Bartie,Bandungan Timur,100145
88,Bartlett,Bang Racham,116094
89,Bartlett,Banjar Kawan,345696
90,Baryram,Banjar Tengah,71854
91,Baudoin,Banjar Tibubiyu Kaja,409065
92,Bea,Banjarwaru,55059
93,Bear,Baoshan,444569
94,Beaufort,Barão de Cocais,392448
95,Bekki,Barakani,453412
96,Belle,Barcelona,167923
97,Bendite,Bardo,380901
98,Benedetta,Barreirinhas,365148
99,Benedick,Barrhead,398985
100,Benedicto,Barru,106856
101,Benji,Bassano,384276
102,Benn,Baturité,304991
103,Benni,Bayabas,456238
104,Benni,Bayramaly,477606
105,Berke,Bayt ‘Adhāqah,491613
106,Bernadette,Bayzhansay,457947
107,Bernard,Bazar-Korgon,470406
108,Bernice,Bearna,121314
109,Berrie,Beau Vallon,352674
110,Berta,Bebedahan,381518
111,Berthe,Beigucheng,132159
112,Berti,Belajen,140210
113,Berty,Belo Oriente,102747
114,Bidget,Bendilwungu Lor,372729
115,Bink,Benito Juarez,244041
116,Binni,Berëza,385763
117,Blake,Berck,147970
118,Blanch,Berezna,28637
119,Blancha,Bergen,490534
120,Blythe,Bergen op Zoom,83501
121,Bobbee,Berthierville,273319
122,Bordie,Bestala,231501
123,Brianne,Betio Village,461429
124,Bride,Bhamdoûn el Mhatta,195285
125,Brigitte,Bharatpur,344416
126,Brit,Bi’r al ‘Abd,180737
127,Brockie,Bianba,391204
128,Bronny,Bidikotak,436389
129,Brooke,Biliran,311913
130,Bruno,Bingfang,298719
131,Bryanty,Blagoveshchenka,264664
132,Bryn,Blendis,413960
133,Bryna,Blinsung,465579
134,Burt,Bloemhof,310345
135,Calley,Bochov,440369
136,Camellia,Bogorodskoye,64728
137,Cammi,Bom Jesus do Itabapoana,13674
138,Candi,Bonoua,49635
139,Caresa,Bor Tungge,76228
140,Caria,Borås,82602
141,Carilyn,Boronów,61441
142,Carlie,Boskovice,290295
143,Carlin,Botao,69258
144,Carlota,Boulsa,410347
145,Carma,Bousso,270270
146,Carmelita,Braunschweig,440593
147,Carmella,Brest,441067
148,Carmelle,Bridgewater,425390
149,Carmencita,Broby,453003
150,Carmina,Brody,108465
151,Carolan,Bu‘eina,235528
152,Carolina,Buchanan,289277
153,Caroljean,Buckland,419401
154,Caron,Buenaventura,74999
155,Casper,Buenavista,466510
156,Cassandra,Buensuseso,93525
157,Cassaundra,Buensuseso,493234
158,Cathee,Bukovec,80142
159,Cathee,Bungoma,281792
160,Caz,Burevestnik,110916
161,Cazzie,Busungbiu,183569
162,Cedric,Butwāl,172777
163,Ceil,Byczyna,228203
164,Celestia,Cañuelas,338058
165,Chaddie,Cabatuan,247381
166,Chaddie,Cabucgayan,312817
167,Chalmers,Cache Creek,198640
168,Chancey,Caluya,30539
169,Chastity,Candelaria,468467
170,Che,Cankuzo,160534
171,Chelsae,Cap Malheureux,294592
172,Cheri,Capão da Canoa,72903
173,Cheri,Carapo,322997
174,Cherin,Carcassonne,263448
175,Cherrita,Carolina,384813
176,Chery,Carpenter,279327
177,Chick,Carregal,47625
178,Christi,Casal das Figueiras,267773
179,Christophe,Cashel,302940
180,Christy,Castle Bruce,466882
181,Chrisy,Cavadas,362234
182,Chrysler,Cawayan,275855
183,Cissiee,Cela,228914
184,Clara,Celorico de Basto,483961
185,Claudell,Ceres,234866
186,Claudell,Chaltyr,181043
187,Clemens,Changbu,484849
188,Clemens,Changgou,452924
189,Clevey,Changning,191107
190,Cob,Changtu,78719
191,Codie,Changxuanling,57594
192,Coleen,Changyŏn,272010
193,Coletta,Chanika,252280
194,Colline,Chantilly,255535
195,Concordia,Chapelton,284759
196,Constancia,Chartres,77163
197,Constantin,Chełm,164278
198,Coraline,Chengfeng,428982
199,Corby,Chengjiang,222419
200,Cordey,Chernelytsya,406254
201,Cordie,Cherskiy,392036
202,Cordie,Chimboy Shahri,474852
203,Corella,Chingas,157975
204,Cori,Chiri-Yurt,463223
205,Corie,Chitagá,374829
206,Corrinne,Chitungwiza,130649
207,Cosette,Chivilcoy,419704
208,Courtnay,Chonogol,149985
209,Craggy,Cibingbin,321375
210,Cristie,Cihaurbeuti,174113
211,Cristy,Cikiwul Satu,77619
212,Culley,Cikondang,460087
213,Curry,Cililitan,146842
214,Cybil,Cill Airne,214652
215,Dacy,Cimahi,250507
216,Dag,Cimalati,332345
217,Dagmar,Cimitarra,386512
218,Dahlia,Cipaku,213799
219,Dahlia,Cirangkong,365622
220,Dalia,Coasa,414235
221,Dalis,Conceição do Coité,423326
222,Dallas,Crépy-en-Valois,82719
223,Dallon,Cruz de los Milagros,360734
224,Damien,Cuiabá,248687
225,Daniella,Cuihuangkou,206733
226,Danita,Cukalat,307195
227,Danyelle,Cullinan,402909
228,Daphne,Curuggoong,122980
229,Darci,Cururupu,343932
230,Darice,Cusapín,466374
231,Daryl,Dār an Naşr,289586
232,Dasi,Dabagou,347166
233,Dav,Dabaozi,45408
234,De,Dainan,436481
235,De witt,Daixi,490024
236,Deane,Dama,463940
237,Deirdre,Damanhūr,428996
238,Del,Daniwato,461345
239,Del,Datagon,436014
240,Delaney,Datarsitu,432788
241,Della,Datuan,238094
242,Demetris,Dawu,78672
243,Denna,Dayu,372584
244,Denna,Decatur,378037
245,Dennie,Delaware,494965
246,Denys,Denpasar,319380
247,Denyse,Deranitan,406916
248,Derby,Deskáti,283900
249,Derron,Detchino,348442
250,Derward,Dhangarhi,118133
251,Derwin,Dhromolaxia,418925
252,Dewie,Djibouti,154264
253,Dian,Dolulolong,133149
254,Diana,Dongdu,269293
255,Diandra,Dongji,318221
256,Dillie,Donglinxi,414981
257,Dina,Dongsheng,324195
258,Dinny,Dongxing,284471
259,Dinny,Donji Vakuf,466676
260,Dionisio,Drochia,105587
261,Dix,Drosáto,270542
262,Dixie,Drumcondra,243462
263,Dmitri,Кондово,145301
264,Dmitri,Крива Паланка,463157
265,Dodi,Duishan,18341
266,Dominique,Dulovo,244924
267,Dominique,Пласница,34587
268,Donavon,Dzüünbulag,348267
269,Donia,Dzel,440677
270,Donielle,Ekenäs,309660
271,Donielle,El Limón,307907
272,Donnajean,El Llano,235490
273,Donnamarie,El Mida,498536
274,Donnie,Embu,241307
275,Donovan,Eusebio Ayala,303579
276,Doralin,Facatativá,248040
277,Doralyn,Facatativá,43100
278,Dorelia,Fais,147235
279,Dorey,Falun,47582
280,Dorian,Feliciano,381102
281,Dorita,Fenghuangdong,36811
282,Dorotea,Fenshui,366176
283,Dorothea,Feteira Grande,298319
284,Dorothy,Fleury-les-Aubrais,256339
285,Dorri,Formosa,21095
286,Douglass,Fort Dauphin,342440
287,Doyle,Fort Worth,219200
288,Duff,Fort Worth,112485
289,Dugald,Fort-de-France,81827
290,Duncan,Frederiksberg,171583
291,Dyan,Fucheng,430080
292,Dynah,Géfyra,96140
293,Eal,Gąbin,104685
294,Eamon,Górki,253173
295,Eberhard,Gandi,429259
296,Edouard,Gandra,482224
297,Effie,Gangshangji,70415
298,Efrem,Ganjiang,226400
299,Eirena,Gaohe,458345
300,Eleni,Gaoqiao,467186
301,Elfie,Gaosheng,369433
302,Elise,Gap,467555
303,Elisha,Gayam,80720
304,Elke,Gebre Guracha,406619
305,Elke,Gedaliang,378889
306,Ellette,Gedera,143781
307,Elli,Gelatik,451845
308,Ellwood,Geldrop,277457
309,Ellwood,Geneng,275293
310,Elston,George Town,271839
311,Elton,Getazat,92876
312,Emelyne,Girona,438885
313,Emilee,Gisiliba,224967
314,Emmalynne,Gjoa Haven,301961
315,Emmett,Golubac,62367
316,Emmy,Gouveia,407367
317,Enrica,Grästorp,72866
318,Erena,Great Neck,332829
319,Erica,Grenoble,90529
320,Erick,Guanbuqiao,407524
321,Erin,Guancheng,32042
322,Ervin,Guangpu,300406
323,Esma,Guankou,41946
324,Esma,Gubo,394210
325,Esra,Gudermes,56598
326,Esra,Guihing Proper,401525
327,Eugenia,Guimarães,160128
328,Eugine,Guinticgan,299300
329,Eunice,Gunungkendeng,215740
330,Eustace,Guoxiang,248102
331,Evelina,Gurbuki,129801
332,Evita,Gustavsberg,54737
333,Faina,Gutang,91627
334,Falkner,Guzhu,211330
335,Far,Gyōda,451009
336,Farly,Gyigang,239044
337,Farra,Hacienda La Calera,381059
338,Faustina,Hajeom,210135
339,Fayina,Halayhay,285378
340,Felicdad,Hankasalmi,140385
341,Fenelia,Haoxinying,171973
342,Feodora,Haoxue,390914
343,Ferrel,Harbutowice,272253
344,Ferrell,Harbutowice,251096
345,Fidela,Hartswater,223429
346,Filmer,Hatavch,60045
347,Finley,Heby,208371
348,Fitz,Hechuan,447649
349,Flinn,Hewan,493730
350,Flory,Hexi,377474
351,Flory,Hexi,348808
352,Forrester,Hongkeli,113625
353,Francisca,Hongqi,174706
354,Francisco,Hongqiao,119767
355,Frankie,Hongqiao,278094
356,Franny,Honolulu,441134
357,Franz,Honolulu,406437
358,Frazer,Huacrapuquio,211797
359,Fred,Huangdu,348930
360,Freddy,Huanghai,200460
361,Frederigo,Huanghua,57934
362,Frederique,Huangling,80760
363,Fredrick,Huangqiao,66096
364,Freida,Huayuan,269814
365,Frieda,Huifa,177130
366,Friedrich,Huimin,72950
367,Fulton,Hulu,300755
368,Gal,Humpolec,383066
369,Gallagher,Huotian,85050
370,Gardie,Iţsā,237185
371,Gardiner,Ichnya,287847
372,Garreth,Igarapé Açu,383159
373,Garrik,Ikeja,230162
374,Garvey,Ilihan,145624
375,Garwin,Imbituva,397804
376,Gary,Iniö,169738
377,Gaspar,Injīl,70140
378,Gay,Insua,307007
379,Gayle,Invermere,74071
380,Gearard,Ipoh,63092
381,Georgena,Isfara,198893
382,Georgetta,Ishii,188165
383,Geralda,Isnā,418766
384,Geraldine,Itō,253123
385,Germain,Itaberaí,205792
386,Gertrud,Itabirito,317182
387,Gianni,Ituiutaba,149278
388,Gideon,Ivanovo-Alekseyevka,65677
389,Gilbertina,Iwakuni,421555
390,Gilli,Józefosław,24184
391,Gillie,Jacareí,320201
392,Ginnie,Jagodnjak,219240
393,Ginnie,Jaguaruana,156741
394,Giovanna,Jalpatagua,209433
395,Gipsy,Jambu,230273
396,Giraud,Javorník,269642
397,Giselbert,Jefferson City,103819
398,Gisele,Jelah,474247
399,Gisele,Jembe Timur,232298
400,Giustina,Jiahu,213243
401,Glen,Jinchuan,464632
402,Glori,Jingdang,226809
403,Gnni,Jingzhou,32908
404,Goldina,Jinhe,131442
405,Gonzalo,Jorong,361953
406,Gottfried,København,373670
407,Grace,Kabasalan,313808
408,Gram,Kaburon,494969
409,Gregg,Kadubetara,435130
410,Gregoire,Kaiama,258616
411,Griffith,Kalibaru,353849
412,Griselda,Kaliska,470731
413,Guilbert,Kaliterus,172341
414,Guillaume,Kamalasai,454434
415,Gunner,Kamenné Žehrovice,310300
416,Guss,Kamenskiy,210894
417,Guy,Kamienna Góra,493314
418,Gwenora,Kamigyō-ku,56636
419,Gwynne,Kamionka Wielka,207550
420,Gypsy,Kamphaeng Phet,211309
421,Hale,Karabanovo,399169
422,Hali,Karak,493468
423,Hall,Karanglincak,151553
424,Halsey,Kaseda-shirakame,426853
425,Hamlen,Kashihara-shi,328950
426,Hana,Kathu,359549
427,Hanan,Katiola,382431
428,Hans,Katrineholm,131646
429,Hansiain,Kattaqo’rg’on,284002
430,Harold,Kaum,417553
431,Hartwell,Kembang,259839
432,Hasheem,Kenarilang,342654
433,Heddi,Kerkrade,25456
434,Heida,Khodzhi-Gasan,69333
435,Heidi,Khombole,104682
436,Helene,Khon Buri,32183
437,Helga,Khon San,345836
438,Helsa,Khorosheve,364487
439,Henrik,Kiambu,256612
440,Hephzibah,Kishiwada,360123
441,Herman,Kissónerga,78365
442,Hildegarde,Kiten,112835
443,Hill,Kiyawa,482423
444,Honor,Klerksdorp,358643
445,Horatius,Klos,414037
446,Hort,Klyuchevskiy,55971
447,Horten,Kněžpole,209505
448,Huntlee,Kola,483755
449,Hyacinthia,Koncang,362143
450,Ibrahim,Kondrovo,164381
451,Imojean,Kornyn,355607
452,Ingeberg,Korosten’,244648
453,Ingeberg,Kosikha,318217
454,Iolanthe,Kosmach,480139
455,Irma,Kostino,137035
456,Irv,Kostyantynivka,106743
457,Isaak,Kotaagung,385645
458,Isaiah,Kozlovice,84258
459,Isidor,Krajan Karangsari,339855
460,Issiah,Krajan Karangsari,94512
461,Jacintha,Krajan Tengah,347038
462,Jacquetta,Kraków,42764
463,Jacquetta,Krasnofarfornyy,135002
464,Jacquette,Kruengraya,226530
465,Jakie,Krutinka,186257
466,Jakob,Kudowa-Zdrój,68873
467,Jamie,Kudusan,195555
468,Jammal,Kukichūō,115895
469,Jammal,Kulary,218714
470,Janek,Kulykiv,94290
471,Janet,Kuncen,96032
472,Jaquelyn,Kurnia,70994
473,Jareb,Kurunegala,449471
474,Jarred,Kusatsu,173253
475,Jarret,Kuzhorskaya,371789
476,Jarrod,Kwolla,35275
477,Jarrod,La Curva,251704
478,Jasun,La Paz,119323
479,Jaye,Laascaanood,308394
480,Jean,Ladário,259755
481,Jeddy,Laholm,357618
482,Jeff,Lamalewo,86767
483,Jemima,Lamut,445254
484,Jemmie,Las Junturas,325467
485,Jeni,Las Minas,117637
486,Jennette,Lashio,10327
487,Jens,Lavezares,77168
488,Jerald,Le Havre,346754
489,Jeremie,Leidian,110914
490,Jerrilee,Leloboko,366056
491,Jerrine,Lengor,24231
492,Jervis,Lewolang,444197
493,Jim,Lexington,451700
494,Jobina,Libertador General San Martín,213745
495,Jock,Lijia,318221
496,Jodi,Lijiapu,59219
497,Jodie,Limoeiro do Norte,459225
498,Joe,Limoges,443554
499,Joeann,Linares,109810
500,Johann,Lindavista,57804
501,Jolee,Lingdangge,188064
502,Joletta,Lingtou,251511
503,Jolyn,Linköping,99078
504,Josee,Linköping,386204
505,Joseito,Liren,74492
506,Joshia,Lisewo Malborskie,354134
507,Josi,Litein,154868
508,Judd,Liuduzhai,281777
509,Judith,Llanera,219227
510,Jule,Lombog,379165
511,Jule,Longaví,477968
512,Justine,Longlisuo,85411
513,Kacie,Longquan,200381
514,Kacy,Longxing,354208
515,Kaia,Lopez Jaena,58813
516,Kala,Los Angeles,240291
517,Kaleena,Loudun,16285
518,Kandy,Luboń,488976
519,Kandy,Lupon,387263
520,Kara,Lyntupy,136503
521,Karlie,Mérignac,269700
522,Karney,Ma‘lūlā,489072
523,Karney,Mabay,344153
524,Karoly,Mabusag,76789
525,Katerina,Macapo,463974
526,Kathlin,Maclear,322860
527,Katie,Madoi,451666
528,Katinka,Magallanes,433924
529,Katuscha,Maicao,221248
530,Katya,Makadi Bay,193361
531,Kaylee,Malian,282472
532,Keir,Mamara,261788
533,Kellby,Manaus,206060
534,Kellen,Mangli,100122
535,Kellen,Maniowy,225139
536,Kelsey,Manouba,378112
537,Kendal,Mansilingan,208551
538,Kevin,Mapaniqui,192238
539,Kevina,Maraial,405818
540,Kevina,Marechal Cândido Rondon,482369
541,Kile,Mariestad,304602
542,Kiley,Markog,470178
543,Killy,Masape,357465
544,Kim,Masebewa,426887
545,Kipp,Masipi West,425181
546,Kirstin,Matangpayang,488289
547,Kissee,Mathakola,347660
548,Kitti,Matiompong,286034
549,Koren,Mawa,239310
550,Koressa,Mehtar Lām,241179
551,Kristian,Mekarjaya Satu,380234
552,Kristina,Mekarsari,225668
553,Ky,Melgar,50030
554,Lanae,Melgar,483082
555,Land,Mergayu,350649
556,Lane,Mesopotamía,378736
557,Lanni,Mianay,336232
558,Latrina,Miaoxi,131813
559,Laurel,Micheng,274091
560,Laurie,Mikhaylovsk,113715
561,Leah,Mikhaylovsk,80687
562,Leanna,Minakuchi,265420
563,Leeanne,Mingyu,295738
564,Leesa,Mirabel,128066
565,Leia,Mirador,24386
566,Leif,Miryang,29523
567,Lenard,Mombasa,181721
568,Leodora,Mondragon,190096
569,Leone,Montego Bay,493765
570,Leonerd,Morro do Chapéu,430780
571,Lesya,Mosteirô,64094
572,Letta,Motema,442546
573,Lewie,Muhos,105008
574,Lia,Mulyoagung,89179
575,Lian,Munkedal,442052
576,Lila,Muroto-misakicho,245555
577,Lilla,Murowana Goślina,16319
578,Lilli,Nīca,325144
579,Lindy,Nabire,379840
580,Linn,Nador,52965
581,Linzy,Nagorsk,51820
582,Lissie,Nakhon Ratchasima,203623
583,Liv,Nancaicun,176670
584,Liva,Nankāna Sāhib,216905
585,Livy,Nanterre,27032
586,Lizbeth,Nantes,295468
587,Lizzy,Nanyuki,267453
588,Lizzy,Nanzhai,142447
589,Loree,Napenay,305073
590,Lorene,Naranjos,263383
591,Lorens,Nart,92663
592,Lorettalorna,Ndeaboh,263108
593,Lorri,Nenagh,88382
594,Lou,Neochórion,58416
595,Louella,Neqāb,218887
596,Lucia,New Shagunnu,280939
597,Lulita,Nice,208600
598,Lutero,Niedercorn,316109
599,Lyndell,Nikolinci,120426
600,Lynea,Niny,449086
601,Lynn,Nonoichi,267540
602,Lynne,Norfolk,351302
603,Lynnett,Nortelândia,482890
604,Lynnett,Notre-Dame-de-l'Île-Perrot,176474
605,Madalyn,Novaya Igirma,230719
606,Madelene,Novo Hamburgo,251442
607,Madeline,Novohrad-Volyns’kyy,12221
608,Magdaia,Novotroitsk,153306
609,Mala,Novovoronezh,63210
610,Malanie,Novyye Cherëmushki,245533
611,Malinde,Novyye Kuz’minki,381875
612,Mallissa,Nowe Warpno,118535
613,Mano,Nowy Korczyn,87720
614,Marcelle,Nueva Cajamarca,152661
615,Mareah,Nueva Gorgona,66567
616,Margeaux,Nuevo Amanecer,364157
617,Maridel,Nyimba,37629
618,Mariellen,Obala,145832
619,Marika,Odiong,442235
620,Marilee,Odolena Voda,309381
621,Marina,Oeleon,201907
622,Marjory,Olhos de Água,256362
623,Markus,Olopa,392908
624,Marlena,Onokivtsi,281666
625,Marten,Opatów,345952
626,Martie,Opuzen,202395
627,Maryann,Orangeville,342766
628,Maryl,Orimattila,366430
629,Marys,Orlovskiy,317366
630,Mata,Osapsio,19350
631,Mathian,Oslo,364483
632,Mathilda,Ostankinskiy,76425
633,Matilde,Oster,398276
634,Matthew,Ostrówek,395575
635,Matty,Ouro Branco,215468
636,Maurice,Outeiro,22076
637,Maximilianus,Pácora,93936
638,Maynard,Pámfylla,66629
639,Meade,Płoniawy-Bramura,311138
640,Meggie,Padaan,487729
641,Melamie,Padangbai,440193
642,Melanie,Pader Palwo,187520
643,Melantha,Paiçandu,136261
644,Melisenda,Pailin,38498
645,Melissa,Palanit,359422
646,Mellisent,Pampas Chico,171984
647,Meridith,Pangkalan Kasai,169077
648,Merla,Pangkalan Kasai,411747
649,Merle,Panglanjan,265684
650,Merrel,Panimbang,31368
651,Merrile,Paranapanema,94351
652,Merrill,Paranapanema,90235
653,Merrily,Pare,195266
654,Merwin,Parengan,240117
655,Micah,Paris 12,127484
656,Michale,Paris 20,359348
657,Mick,Parrita,305725
658,Mickey,Parrita,10503
659,Mickie,Pasir Mas,288064
660,Mike,Paso de Carrasco,499547
661,Mikkel,Passo Fundo,161388
662,Mildrid,Pasuruan,12430
663,Millisent,Pecka,133690
664,Minetta,Pedra,17565
665,Minette,Pedro Carbo,56326
666,Mirabel,Pelotas,416466
667,Mirabella,Penedo,363500
668,Mirelle,Penedo,74503
669,Mischa,Penengahan,89851
670,Modesty,Penglai,436718
671,Mommy,Pengshi,236250
672,Monroe,Peoria,81521
673,Morgen,Pereleshino,74881
674,Morna,Perelyub,466725
675,Morry,Peristerona,269105
676,Morry,Pertunmaa,428002
677,Morse,Peukanbada,161348
678,Moss,Phanna Nikhom,36677
679,Muffin,Phayuha Khiri,28990
680,Muhammad,Phu Loc,310298
681,Myra,Phu Luang,431348
682,Myrtie,Pimentel,318532
683,Nannette,Pinega,285454
684,Nanon,Pingfeng,100086
685,Nari,Pingya,128151
686,Natalya,Pirajuí,121527
687,Natassia,Plakhtiyivka,427924
688,Nate,Platičevo,381055
689,Natty,Plesná,243907
690,Natty,Podivín,290848
691,Ned,Pombal,346853
692,Neel,Pondoktelo,423784
693,Neile,Poroj,289147
694,Neille,Portariá,172676
695,Nell,Porto Alto,365839
696,Nelly,Porto Formoso,413109
697,Netta,Posse,215733
698,Nev,Potoni,432339
699,Nicholas,Pouzauges,363688
700,Nichole,Poxi,106038
701,Nicky,Pradera,410883
702,Nicolea,Priob’ye,299890
703,Niel,Progër,328608
704,Niki,Psevdás,182190
705,Nikki,Pueblo Nuevo,252438
706,Nikolaus,Puerto Santander,64523
707,Ninon,Pukou,86518
708,Nissie,Pulian,387157
709,Noak,Pumwani,412381
710,Nobie,Puteran Kidul,390738
711,Nolie,Putina,434840
712,Noll,Pyhäselkä,251674
713,Nollie,Qiancheng,232911
714,Noni,Qianjin,453084
715,Northrop,Qinghe,235580
716,Obediah,Qingkou,362250
717,Odette,Quibdó,38905
718,Odille,Quinta dos Frades,98893
719,Odo,Quintela,183150
720,Ogdan,Quthing,260446
721,Ola,Quwa,24697
722,Olive,Radocza,350520
723,Olivero,Rama,492934
724,Olivette,Rammūn,361785
725,Olivier,Rancagadog,200714
726,Oliy,Randuagung,493089
727,Oneida,Rangah,134540
728,Onfre,Rawa Mazowiecka,333840
729,Ophelie,Rawson,400059
730,Oralle,Redon,52581
731,Orelie,Regulice,468042
732,Orion,Renfrew,126101
733,Orran,Renhe,422498
734,Orville,Reno,411936
735,Osborn,Riangderi,135553
736,Osbourn,Rinang,206867
737,Othella,Road Town,472749
738,Pace,Rodniki,440447
739,Padraic,Rodnikovskaya,163984
740,Page,Rogongon,30105
741,Palm,Rojas,69352
742,Pamela,Rrasa e Sipërme,106925
743,Parnell,Rubio,151884
744,Paten,Ruda Maleniecka,424810
745,Patricio,Rudnogorsk,378928
746,Pattie,Rujewa,26637
747,Paulie,Słupno,57264
748,Paulita,São João da Barra,362711
749,Paxon,São Sebastião do Paraíso,463722
750,Paxon,Sabana Grande,378675
751,Peg,Sabana Grande de Boyá,155889
752,Penelope,Sabnie,162682
753,Penny,Saidpur,492033
754,Pepito,Saint Paul,225840
755,Percival,Saint-Avold,388360
756,Perry,Saint-Dié-des-Vosges,478275
757,Persis,Sakākā,331764
758,Petronia,Salamanca,224236
759,Phelia,Salavat,270112
760,Phillie,Salcedo,175556
761,Pippa,Salima,174561
762,Pippy,Salt Lake City,490548
763,Polly,Salvacion,378327
764,Prent,Sambogunung,28265
765,Prentice,San Antonio del Monte,33248
766,Prentiss,San Diego,114401
767,Queenie,San Fernando,230634
768,Quent,San Francisco,368272
769,Quentin,San Francisco Zapotitlán,434946
770,Quillan,San José de Cusmapa,92758
771,Quint,San Jose,402299
772,Rachel,San Juan de los Morros,214491
773,Rafaelita,San Martín de los Andes,159170
774,Randi,San Miguel,173724
775,Randie,San Pascual,199083
776,Ranna,San Pedro Pinula,269226
777,Ranna,San Quintin,310369
778,Raul,Sandaoba,93073
779,Raven,Sangkalputung,431587
780,Raynard,Sanjia,79157
781,Raynor,Santa Cruz,390515
782,Raynor,Santa Cruz De Tenerife,74660
783,Rebecka,Santiago del Estero,156498
784,Rebekkah,Santo André,478316
785,Reeta,Santo Tomas,459488
786,Reggi,Santos Dumont,61821
787,Reid,Sanyantang,165853
788,Reina,Sarandë,315373
789,Reinaldos,Sarata,264578
790,Reinhold,Sargodha,234314
791,Rena,Sarnów,272393
792,Renaldo,Sembabule,279205
793,Renard,Semibratovo,123482
794,Renaud,Shakhta,327362
795,Reuben,Shamva,254993
796,Rhea,Shangcun,226083
797,Rhona,Shangdian,287989
798,Richie,Shangdian,306538
799,Richie,Shanglaxiu,380410
800,Rickert,Shatrovo,152306
801,Rickie,Shatura,147391
802,Rickie,Shezë,426451
803,Ricky,Shiḩan as Suflá,135185
804,Ricoriki,Shigu,360153
805,Rinaldo,Shimodate,177576
806,Riordan,Shu,321693
807,Rita,Siem Reap,321354
808,Ritchie,Sikka,303800
809,Rivy,Sinarbakti,405449
810,Roarke,Sinisian,363519
811,Robinson,Sirre,470171
812,Roch,Sishiba,156753
813,Roda,Siverskiy,373785
814,Roddie,Skópelos,24237
815,Rodney,Skała,89913
816,Rodrique,Slavyanovo,32678
817,Roi,Sobral da Adiça,97718
818,Rolf,Sochaux,466501
819,Rolland,Solna,423551
820,Romonda,Solosolo,477015
821,Ronald,Songhe,263115
822,Rooney,Songping,116567
823,Rosaleen,Springfield,10817
824,Rosanne,Springfield,173494
825,Roselia,Srednebelaya,139867
826,Rosemaria,Sremska Mitrovica,481230
827,Rosemarie,Stamáta,145836
828,Roslyn,Stapleford,83815
829,Rowan,Staryy Cherek,294155
830,Rowney,Stepnica,183437
831,Roxana,Stockholm,188056
832,Roxane,Stockholm,432579
833,Rozella,Stockholm,55730
834,Ruben,Stockholm,236820
835,Rubie,Stockholm,439098
836,Ruthie,Stockholm,111092
837,Ryan,Stockholm,161464
838,Ryley,Stockholm,446378
839,Ryon,Strašice,309359
840,Sada,Strasbourg,338709
841,Sallee,Sukapura,453750
842,Salomo,Sukaraja,227807
843,Sam,Sumberpucung,39030
844,Sandra,Sungsang,273948
845,Sandro,Surovikino,486819
846,Sandy,Sv. Ana v Slov. Goricah,443581
847,Sashenka,Svetlograd,178695
848,Saunders,Svobody,37764
849,Saunderson,Synya,150227
850,Sawyere,Sysert’,231037
851,Saxe,Tây Đằng,395851
852,Sayres,Täby,173700
853,Schuyler,Tabira,411510
854,Sebastien,Tagasilay,180081
855,Seka,Tagbina,280404
856,Selena,Taiping,335853
857,Sena,Talok,348305
858,Sephira,Talshand,246776
859,Shadow,Tamboril,268056
860,Shae,Tamianglayang,284707
861,Shalna,Tamnag,357116
862,Shalne,Tanabi,63273
863,Shandy,Tanahbeureum,201153
864,Shanna,Tando Jām,100942
865,Shannon,Tanzhesi,217764
866,Shay,Tío Pujio,322285
867,Shaylyn,Tartu,299593
868,Sheela,Tatariv,159449
869,Sheffield,Taurisma,399012
870,Shelba,Tcholliré,250961
871,Shelba,Telsiai,16784
872,Shelia,Tembongraja,398589
873,Shelley,Temenggungan,91245
874,Sheridan,Tenggong,223586
875,Sherwood,Terpinnya,386919
876,Shurlock,Teupasenti,238268
877,Sibella,Thành Phố Hạ Long,436462
878,Sibyl,Thanh Chương,50756
879,Sidoney,Tieshan,61507
880,Silvester,Tingloy,28234
881,Simonette,Tirlyanskiy,376212
882,Sinclair,Titiakar,485313
883,Sisely,Tizguine,367965
884,Skelly,Toledo,184520
885,Skip,Tomado,261920
886,Skippy,Tonekābon,118511
887,Skipton,Tongjiang,391327
888,Sollie,Tongtuan,302707
889,Sondra,Tor,23968
890,Sonia,Torrão,429746
891,Sonny,Torres Vedras,495456
892,Sophronia,Toulouse,414944
893,Stafani,Tournon-sur-Rhône,128465
894,Stafford,Toutuo,12623
895,Stanislaus,Touzao,37765
896,Starla,Toyota,26466
897,Stephannie,Tromsø,393591
898,Steven,Trzebieszów,182581
899,Sunny,Tsubata,420816
900,Susette,Tubalan,340265
901,Susie,Tubalan,111563
902,Sybila,Tudela,452558
903,Sydney,Tumbi,161323
904,Tabbi,Tunguang,267000
905,Tabbie,Tuodian,385815
906,Tailor,Turbaco,134170
907,Tally,Turka,354607
908,Tanitansy,Tyler,213311
909,Tate,Tyrnyauz,253406
910,Teddy,Uacon,382857
911,Teddy,Uddiawan,275547
912,Teirtza,Uherský Brod,17799
913,Teodoor,Uhryniv,298199
914,Teresa,Ujung,256079
915,Terri,Ulichnoye,304901
916,Terrijo,Ulsan,15137
917,Terrill,Unaí,339367
918,Thatch,Unawatuna,480972
919,Thea,Ush-Tyube,413107
920,Thea,Usicayos,44331
921,Thedrick,Ust-Kamenogorsk,70287
922,Theo,Uujim,191784
923,Theresa,Uvarovka,131402
924,Therine,Uzda,173409
925,Thia,Várzea Grande,425550
926,Thurston,Vabalninkas,223474
927,Tilly,Vatutine,412116
928,Timotheus,Vegachí,468621
929,Tish,Velenje,346207
930,Toby,Verkhniy Mamon,417991
931,Toby,Verkhnyaya Tura,215873
932,Todd,Viale,398846
933,Tomasina,Vidče,493564
934,Tomaso,Villa Alemana,472888
935,Tonia,Vinica,98453
936,Tonia,Vinnytsya,14022
937,Tory,Vitória do Mearim,362116
938,Tova,Volodymyr-Volyns’kyy,148415
939,Townsend,Volot,56435
940,Trefor,Vrsi,66694
941,Trevor,Vuokatti,373158
942,Trip,Vysotskoye,17782
943,Turner,Wa,24438
944,Tybie,Wa’erma,347939
945,Tye,Wairiang,433227
946,Udall,Wakefield,233265
947,Ulrica,Wangdun,469075
948,Upton,Wanquan,273728
949,Urban,Warburton,218075
950,Urbanus,Watthana Nakhon,386601
951,Uriah,Weizhou,28538
952,Ursala,Wenbi,186291
953,Valenka,Wenquan,360957
954,Valenka,Wenxian Chengguanzhen,108974
955,Valentina,Whitchurch,470401
956,Vallie,Wiesbaden,298522
957,Vanessa,Wisła,433653
958,Venus,Woro,66996
959,Verge,Xhafzotaj,310252
960,Verina,Xiabao,92891
961,Verina,Xiaochuan,347609
962,Verine,Xiaoxiang,175735
963,Verne,Xiatang,211312
964,Verne,Xin’andu,182433
965,Vincenty,Xingfeng,17982
966,Viola,Xiniu,319965
967,Virginie,Xinjie,214892
968,Viv,Xunjian,70777
969,Vivian,Yag La,204273
970,Vivienne,Yanggan,244784
971,Viviyan,Yanglin,447780
972,Wallie,Yangpu,226324
973,Wallie,Yangying,339275
974,Wallis,Yanshan,236303
975,Wang,Yayao,269116
976,Ward,Yermolayevo,345268
977,Wendeline,Yessentukskaya,237858
978,Wilfrid,Yinxi,482617
979,Willette,Yogyakarta,293576
980,Willi,Yong’an,381476
981,Willyt,Yongchuan,250075
982,Windy,Yongjiahe,312978
983,Winfield,Yongning,81972
984,Winnifred,Yuanguping,172212
985,Winston,Yuexi,487028
986,Witty,Zachepylivka,455012
987,Wolfgang,Zalantun,106886
988,Worden,Zarqa,170199
989,Worthy,Zarzis,450591
990,Wrennie,Zheleznodorozhnyy,163961
991,Wynn,Zhenqian,283937
992,Wynne,Zhili,268881
993,Yance,Zhiryatino,269397
994,Ynes,Zhongben,231616
995,Yoko,Zhongmen,173978
996,Ysabel,Zhongshan,270563
997,Zacharia,Zhongshan Donglu,39164
998,Zeke,Zhutang,377777
999,Zilvia,Zubří,317875
1000,Zorina,Zvole,270380
